BEGIN TRANSACTION;
CREATE TABLE entries ("id" INTEGER PRIMARY KEY AUTOINCREMENT NOT NULL, "tournament_id" integer DEFAULT NULL, "player_id" integer DEFAULT NULL, "paid" integer DEFAULT NULL, "result" integer DEFAULT NULL, "payout" integer DEFAULT NULL, "created_at" datetime DEFAULT NULL, "updated_at" datetime DEFAULT NULL);
INSERT INTO "entries" VALUES(2,2,2,50,6,0,'2008-02-15 11:23:51','2008-02-15 11:33:09');
INSERT INTO "entries" VALUES(3,2,3,50,7,0,'2008-02-15 11:24:40','2008-02-15 11:33:09');
INSERT INTO "entries" VALUES(4,2,4,50,8,0,'2008-02-15 11:24:48','2008-02-15 11:33:09');
INSERT INTO "entries" VALUES(5,2,5,50,5,0,'2008-02-15 11:25:10','2008-02-15 11:33:09');
INSERT INTO "entries" VALUES(6,2,6,50,11,0,'2008-02-15 11:25:23','2008-02-15 11:33:09');
INSERT INTO "entries" VALUES(7,2,7,50,9,0,'2008-02-15 11:25:46','2008-02-15 11:33:09');
INSERT INTO "entries" VALUES(8,2,8,50,4,0,'2008-02-15 11:25:54','2008-02-15 11:33:09');
INSERT INTO "entries" VALUES(9,2,9,50,1,60,'2008-02-15 11:26:04','2008-02-15 12:04:01');
INSERT INTO "entries" VALUES(10,2,10,50,2,0,'2008-02-15 11:26:11','2008-02-15 11:33:09');
INSERT INTO "entries" VALUES(11,2,11,50,10,0,'2008-02-15 11:26:29','2008-02-15 11:33:09');
INSERT INTO "entries" VALUES(12,2,23,50,3,0,'2008-02-15 11:27:16','2008-02-15 11:33:09');
INSERT INTO "entries" VALUES(13,1,12,35,10,0,'2008-02-15 12:19:57','2008-02-15 12:19:57');
INSERT INTO "entries" VALUES(14,1,13,35,3,0,'2008-02-15 12:20:12','2008-02-15 12:20:12');
INSERT INTO "entries" VALUES(15,1,14,35,2,0,'2008-02-15 12:20:21','2008-02-15 12:23:34');
INSERT INTO "entries" VALUES(16,1,15,35,7,0,'2008-02-15 12:20:30','2008-02-15 12:20:30');
INSERT INTO "entries" VALUES(17,1,16,35,11,0,'2008-02-15 12:20:37','2008-02-15 12:24:33');
INSERT INTO "entries" VALUES(18,1,17,35,6,0,'2008-02-15 12:20:47','2008-02-15 12:20:47');
INSERT INTO "entries" VALUES(19,1,18,35,4,0,'2008-02-15 12:20:55','2008-02-15 12:20:55');
INSERT INTO "entries" VALUES(20,1,19,35,8,0,'2008-02-15 12:21:04','2008-02-15 12:21:04');
INSERT INTO "entries" VALUES(21,1,20,35,1,38,'2008-02-15 12:21:16','2008-02-15 12:27:15');
INSERT INTO "entries" VALUES(22,1,21,35,9,0,'2008-02-15 12:21:25','2008-02-15 12:23:09');
INSERT INTO "entries" VALUES(23,1,22,35,5,0,'2008-02-15 12:21:30','2008-02-15 12:22:14');
DELETE FROM sqlite_sequence;
INSERT INTO "sqlite_sequence" VALUES('players',23);
INSERT INTO "sqlite_sequence" VALUES('leagues',2);
INSERT INTO "sqlite_sequence" VALUES('tournaments',2);
INSERT INTO "sqlite_sequence" VALUES('entries',26);
CREATE TABLE leagues ("id" INTEGER PRIMARY KEY AUTOINCREMENT NOT NULL, "name" varchar(255) DEFAULT NULL, "description" text DEFAULT NULL, "created_at" datetime DEFAULT NULL, "updated_at" datetime DEFAULT NULL);
INSERT INTO "leagues" VALUES(1,'Bad Beat Bratz','Amarillo Bad Beat Bratz, a Poker League for ladies.  Grand Prize: an all-expense paid trip and entry to a LIPS tournament','2008-02-15 11:19:58','2008-02-15 11:20:45');
INSERT INTO "leagues" VALUES(2,'Bandit Bratz','Amarillo Bad Beat Bratz, a Poker League for men.  Grand Prize: an all-expense paid trip and entry to a WSOP tournament','2008-02-15 11:21:15','2008-02-15 11:21:15');
CREATE TABLE players ("id" INTEGER PRIMARY KEY AUTOINCREMENT NOT NULL, "first" varchar(255) DEFAULT NULL, "last" varchar(255) DEFAULT NULL, "created_at" datetime DEFAULT NULL, "updated_at" datetime DEFAULT NULL);
INSERT INTO "players" VALUES(1,'Brad','Jordan','2008-02-15 11:07:39','2008-02-15 11:07:39');
INSERT INTO "players" VALUES(2,'Ryan','Jordan','2008-02-15 11:07:47','2008-02-15 11:07:47');
INSERT INTO "players" VALUES(3,'Thomas','Tallant','2008-02-15 11:07:54','2008-02-15 11:07:54');
INSERT INTO "players" VALUES(4,'Doyle','Wells','2008-02-15 11:08:02','2008-02-15 11:08:02');
INSERT INTO "players" VALUES(5,'Jeremy','Bjerke','2008-02-15 11:08:13','2008-02-15 11:08:13');
INSERT INTO "players" VALUES(6,'Curtis','Jordan','2008-02-15 11:08:28','2008-02-15 11:08:28');
INSERT INTO "players" VALUES(7,'Chris','Koenig','2008-02-15 11:08:37','2008-02-15 11:08:37');
INSERT INTO "players" VALUES(8,'Britan','Brewer','2008-02-15 11:08:45','2008-02-15 11:08:45');
INSERT INTO "players" VALUES(9,'Tom','Thomas','2008-02-15 11:08:50','2008-02-15 11:08:50');
INSERT INTO "players" VALUES(10,'Tony','Alford','2008-02-15 11:08:57','2008-02-15 11:08:57');
INSERT INTO "players" VALUES(11,'Tim','Rehkops','2008-02-15 11:09:30','2008-02-15 11:09:30');
INSERT INTO "players" VALUES(12,'Sondra','Bass','2008-02-15 11:09:57','2008-02-15 11:09:57');
INSERT INTO "players" VALUES(13,'Elizabeth','Toledo','2008-02-15 11:10:05','2008-02-15 11:10:05');
INSERT INTO "players" VALUES(14,'Niki','Jordan','2008-02-15 11:10:11','2008-02-15 11:10:11');
INSERT INTO "players" VALUES(15,'Rhonda','Jordan','2008-02-15 11:10:18','2008-02-15 11:10:18');
INSERT INTO "players" VALUES(16,'Deanie','Wells','2008-02-15 11:10:25','2008-02-15 11:10:25');
INSERT INTO "players" VALUES(17,'Allison','Franklin','2008-02-15 11:10:32','2008-02-15 11:10:32');
INSERT INTO "players" VALUES(18,'Randi Sue','Franklin','2008-02-15 11:10:48','2008-02-15 11:10:48');
INSERT INTO "players" VALUES(19,'Faith','Weathers','2008-02-15 11:10:55','2008-02-15 11:10:55');
INSERT INTO "players" VALUES(20,'Shannon','Campsey','2008-02-15 11:11:05','2008-02-15 11:11:05');
INSERT INTO "players" VALUES(21,'Yee','Sivixay','2008-02-15 11:11:17','2008-02-15 11:11:17');
INSERT INTO "players" VALUES(22,'Judi','Glidewell','2008-02-15 11:11:24','2008-02-15 11:11:24');
INSERT INTO "players" VALUES(23,'Charlie','Tuna','2008-02-15 11:26:46','2008-02-15 11:26:46');
CREATE TABLE tournaments ("id" INTEGER PRIMARY KEY AUTOINCREMENT NOT NULL, "league_id" varchar(255) DEFAULT NULL, "start" datetime DEFAULT NULL, "description" text DEFAULT NULL, "buyin" integer DEFAULT NULL, "created_at" datetime DEFAULT NULL, "updated_at" datetime DEFAULT NULL);
INSERT INTO "tournaments" VALUES(1,'1','2008-02-13 08:00:00','First Wednesday Night Tournament',35,'2008-02-15 11:22:06','2008-02-15 11:22:06');
INSERT INTO "tournaments" VALUES(2,'2','2008-02-13 08:00:00','First Bandit Bratz Tournament',50,'2008-02-15 11:22:35','2008-02-15 11:22:35');
CREATE TABLE schema_info (version integer);
INSERT INTO "schema_info" VALUES(4);
COMMIT;
